email,predicted_is_valid_email
attractiveLevi@sbcglobal.net,1
Brentcolorful@aim.com,1
Antoniohorrible@club-internet.fr,1
calmBobby@qq.com,1
repulsiveGrant87@club-internet.fr,1
blushingApril@sky.com,1
Ricardoplain@hotmail.com,1
Jessesore@club-internet.fr,1
lazyBlake64@aol.com,1
Roymysterious@hotmail.com,1
wide-eyedLeah@yahoo.com.ar,1
tameOlivia97@yandex.ru,1
grotesqueMaggie43@yahoo.ca,1
Deniseexcited@sky.com,1
fragileJon@yahoo.co.in,1
grievingJesus68@live.fr,1
cuteMorgan1@freenet.de,1
Analonely@live.fr,1
Tanyabrave@hotmail.de,1
lovelyRebecca@shaw.ca,1
boredJoanna@live.com,1
clearRose@yahoo.co.uk,1
naughtyFernando@outlook.com,1
upsetMitchell@tin.it,1
Taylorquaint@hetnet.nl,1
funnyRicky@facebook.com,1
aggressiveAlisha@bluewin.ch,1
adorableJamie@orange.fr,1
angryJoseph@charter.net,1
Rosedifficult@rambler.ru,1
Veronicaexpensive@me.com,1
luckyEddie34@aim.com,1
Shaunreal@aliceadsl.fr,1
splendidTyler@facebook.com,1
tenseSheena@bol.com.br,1
courageousCory45@bol.com.br,1
foolishKelsey@yahoo.co.id,1
Lancestrange@yahoo.com.ar,1
faithfulNaomi@sympatico.ca,1
cruelTravis46@yahoo.com.au,1
darkWendy50@yahoo.it,1
exuberantBobby@bigpond.net.au,1
Ameliagifted@yahoo.fr,1
Alanabewildered@bol.com.br,1
Nicolegifted@yahoo.in,1
Taryntame@yahoo.com.ar,1
Russellcondemned@googlemail.com,1
mistyEugene81@arcor.de,1
Javierdefiant@earthlink.net,1
fierceColleen37@live.nl,1
shyKaitlin@outlook.com,1
vivaciousLatoya@hetnet.nl,1
stormySteven26@t-online.de,1
inexpensiveSummer@yahoo.co.id,1
perfectErin@laposte.net,1
obedientStacey@hotmail.it,1
curiousJason54@alice.it,1
foolishMarisa@yahoo.com.br,1
giftedTravis@cox.net,1
Carlacheerful@free.fr,1
defeatedLee39@club-internet.fr,1
Ashleighrelieved@planet.nl,1
innocentAlicia48@bellsouth.net,1
Ashleypoor@hetnet.nl,1
fancyJasmine85@voila.fr,1
elegantTodd@orange.fr,1
tenseCassie@att.net,1
Latashafriendly@live.ca,1
puzzledSeth0@terra.com.br,1
determinedKristopher88@arcor.de,1
successfulShawn32@rambler.ru,1
Jessicaexpensive@zonnet.nl,1
outstandingTara97@t-online.de,1
Ramonold-fashioned@hotmail.com,1
Andreacruel@home.nl,1
dangerousJulie@voila.fr,1
Ronnievast@windstream.net,1
adventurousAutumn@sympatico.ca,1
concernedRandy14@virgilio.it,1
defeatedManuel@mail.ru,1
zealousJaime@aol.com,1
selfishJesus98@yahoo.fr,1
impossibleKristina39@gmail.com,1
doubtfulCarmen@hotmail.fr,1
quaintIsaac13@frontiernet.net,1
averageLisa23@t-online.de,1
worrisomeRoy@rocketmail.com,1
Gabriellonely@hotmail.it,1
gloriousKatherine31@hotmail.com,1
lonelyLouis56@web.de,1
exuberantShanna@hotmail.co.uk,1
cheerfulJillian@gmx.de,1
Nancygorgeous@yahoo.com.br,1
richRobin@blueyonder.co.uk,1
elegantNathaniel80@hotmail.fr,1
glamorousMicah45@hotmail.fr,1
luckyAngel42@mail.com,1
gorgeousArmando@bol.com.br,1
Jonathanfrightened@yahoo.com,1
realSergio50@gmx.net,1
tanay.com,1
.tanay.com,1
iayhosiyfh_@jkaghsdkj.com,1
