Celeste Warren,(761) 375-2512,accumsan.neque.et@google.couk,"Ap #446-6853 Id, Street",33389,Michoacán,United States,1-682-548-8166
Keaton Christian,(521) 675-3835,netus@outlook.couk,3223 Enim. Rd.,893886,Vestland,Italy,1-111-145-5725
Aspen Benjamin,1-707-216-1617,sed.sem.egestas@protonmail.net,Ap #883-6023 Turpis. Av.,18884,Paraíba,Nigeria,1-982-857-5826
Iliana Beck,(820) 507-7173,mauris@protonmail.com,Ap #628-2604 Egestas Ave,734332,Bangka Belitung Islands,Mexico,(781) 467-2700
Prescott Evans,(865) 665-2737,nunc.sit@hotmail.couk,"P.O. Box 733, 8880 Senectus Avenue",54614-56866,Lambayeque,Germany,(879) 998-5136
Leroy Ellis,(266) 731-2553,risus@yahoo.org,Ap #649-4370 Nec St.,9445,Innlandet,Italy,(824) 587-0474
Brent Church,1-767-229-4905,cum@aol.edu,"Ap #123-8983 Lobortis, Road",7836,Rogaland,Costa Rica,(554) 686-5656
Alyssa Mcintyre,(378) 768-2446,tincidunt.neque.vitae@aol.edu,"3653 Lorem, Ave",F1W 4ZJ,Coahuila,Nigeria,(851) 719-5622
Jemima Henry,1-371-616-7156,ipsum.ac@yahoo.com,Ap #404-6193 Massa Ave,79-17,Boyacá,South Korea,1-665-745-1872
Drew Mills,(202) 275-5335,lacus.pede@aol.ca,"Ap #513-3671 Nunc, Avenue",93031,Upper Austria,United States,1-674-458-2749
Igor Gomez,1-487-428-2476,nisi@aol.com,831-4701 Amet Street,3221,Magallanes y Antártica Chilena,Canada,1-286-560-9287
Leo Padilla,1-717-830-2429,interdum.sed.auctor@google.org,5970 Risus Ave,Y3C 2T6,South Gyeongsang,Vietnam,(549) 630-2852
Rhiannon Pittman,1-835-262-2217,at@icloud.com,935 Tempus Rd.,610635,Niger,Sweden,(582) 563-0833
Elvis Barrera,1-697-618-9372,justo.praesent@aol.couk,"P.O. Box 584, 3795 Malesuada Road",K76 8LM,Tyrol,Russian Federation,(565) 858-3962
Adria Walter,(483) 565-4726,ipsum@icloud.ca,Ap #531-9252 Sed Avenue,7105,Xīnán,Costa Rica,(388) 761-4593
Arthur Moss,1-223-382-7057,imperdiet.nec.leo@icloud.ca,483 Nascetur Street,30316,Yukon,Belgium,(757) 663-8278
Kuame Hodges,1-488-134-9637,gravida@hotmail.com,688-5543 Orci Road,665757,Córdoba,Philippines,1-763-230-6968
Aspen Coleman,(261) 762-7815,bibendum.ullamcorper@yahoo.org,Ap #986-9618 Orci Ave,8841,Devon,Russian Federation,(898) 697-8377
Lance Valentine,(361) 217-3082,luctus.felis@hotmail.couk,Ap #934-3716 Euismod St.,21923,Nordland,Nigeria,(246) 663-2399
Victor Padilla,1-517-473-8631,sapien.nunc@protonmail.ca,6060 Ridiculus Avenue,34-67,Huádōng,Austria,1-227-274-0244
Hasad Reilly,(837) 664-2751,interdum@outlook.couk,383-2246 Eget Rd.,37222,Hà Nội,Peru,1-432-873-3633
Britanni Murray,1-571-428-3245,etiam.gravida@protonmail.net,215-2931 Quisque Avenue,432247,Australian Capital Territory,Ukraine,(817) 545-8755
Maia Fitzpatrick,(421) 376-3494,tortor.dictum.eu@protonmail.com,610-341 Quam Road,57-44,Gaziantep,South Africa,1-255-778-0526
Gil Hebert,1-971-381-4774,rutrum.urna@protonmail.net,819-7582 Iaculis Road,437185,Zaporizhzhia oblast,Poland,(496) 299-2117
Brian Gay,1-857-727-8612,purus.sapien@icloud.com,"Ap #271-5506 Quam, Street",F5T 8S4,Lambayeque,Brazil,1-409-231-2566
Jenette Jenkins,1-631-223-9553,ac.ipsum.phasellus@aol.edu,Ap #888-9344 In Rd.,19696,Castilla y León,Peru,1-239-636-6236
Garrison Sloan,(867) 782-6782,nam.porttitor@aol.org,4249 A Rd.,18428,Lorraine,France,(364) 143-5324
Marshall Bauer,1-518-805-4446,eu.euismod.ac@aol.ca,Ap #574-2229 Sagittis Avenue,4963-8041,Daman and Diu,Nigeria,(948) 726-2326
Dorothy Fulton,1-845-767-3832,phasellus.nulla.integer@protonmail.couk,"P.O. Box 505, 1179 Rhoncus. Road",51127-459,Gangwon,Austria,1-412-322-4215
Damian Wilder,(475) 260-4568,primis.in.faucibus@yahoo.net,Ap #308-2764 Aliquet Street,282955,Basilicata,India,(231) 588-6616
Jillian Burton,1-626-375-4935,quis@google.couk,586-3986 Cras Avenue,322369,North Jeolla,Chile,(864) 237-7873
Judah Lancaster,(623) 278-9453,donec.luctus@aol.com,890-2466 Nunc. Av.,LJ63 4FT,Oost-Vlaanderen,Philippines,(993) 576-2506
Devin Cross,(843) 531-8165,mauris.sit@aol.ca,357-9418 Dictum St.,551591,Missouri,Mexico,1-297-271-1302
Aphrodite Lang,(432) 817-2565,mattis.integer@aol.couk,Ap #656-8141 Feugiat St.,30674-28360,Munster,Canada,1-881-188-2430
Cruz Parker,1-537-383-1773,gravida@yahoo.edu,"P.O. Box 348, 5507 Sagittis. St.",70181,Kincardineshire,Germany,(762) 625-4541
Nathan Cook,(841) 226-8386,lacus.quisque@aol.com,118-1779 Quisque Av.,83-49,Florida,Singapore,1-733-424-7231
Abel Stewart,1-873-916-1724,metus@aol.org,727-5473 Neque. Avenue,13786,Azad Kashmir,Norway,(554) 758-5087
Armando Romero,(282) 783-7545,id.erat.etiam@aol.edu,Ap #515-2930 Malesuada Road,4878 PH,Xīnán,Germany,1-888-309-6767
Carl Gregory,1-285-456-5614,dis.parturient@google.couk,"P.O. Box 205, 8248 Ac Street",51725,North Sumatra,Ireland,(241) 775-3241
Sawyer Hooper,1-542-314-3742,dui.cras.pellentesque@yahoo.org,"P.O. Box 759, 1429 Sit St.",3114 DP,Bedfordshire,United States,1-888-434-8657
Dexter Armstrong,(716) 871-6480,in.magna@protonmail.edu,Ap #248-6028 Sed Ave,46778,Eastern Cape,Pakistan,(115) 668-6614
Chandler Walls,(181) 665-2211,torquent.per.conubia@outlook.net,Ap #784-4861 Velit. St.,6681,Western Cape,India,1-941-871-6572
Wesley Harding,(595) 183-4435,metus.vitae.velit@hotmail.edu,7327 Nullam Road,11406,Guainía,Australia,(445) 414-9354
Allistair Carrillo,(657) 775-4451,ornare@yahoo.net,473-132 Est St.,5265,Puntarenas,Mexico,1-612-266-3686
Magee Huff,(362) 473-1921,a.dui@yahoo.com,"P.O. Box 790, 6939 Adipiscing Ave",86318,Lower Austria,New Zealand,(247) 300-2846
Aurelia Wise,(981) 481-2477,pellentesque@aol.edu,"P.O. Box 694, 530 Nunc Ave",Y8H 2N7,Balochistan,Turkey,(825) 235-0847
Chiquita Klein,(866) 373-9883,ullamcorper.duis.cursus@icloud.couk,Ap #351-5810 Odio. St.,220414,Piemonte,Ukraine,(452) 555-2149
Shana Compton,(369) 239-3496,interdum.nunc.sollicitudin@hotmail.com,Ap #985-9923 Tempus Ave,41617,Perthshire,Turkey,(481) 300-7528
Aphrodite Fleming,(681) 385-1219,lacinia.sed.congue@google.org,Ap #914-8950 Eget Av.,6839,Queensland,Indonesia,1-120-155-3653
Sylvia Meyer,(755) 454-3476,non.ante.bibendum@google.ca,Ap #494-5638 Lorem Rd.,QE4 8FN,Lagos,Pakistan,(733) 812-8396
Kylan Alvarado,(304) 191-1449,non@aol.couk,1520 Vestibulum Ave,39-127,Bolívar,Indonesia,(245) 621-2396
Lee Mcgee,(123) 435-7419,dui.lectus.rutrum@yahoo.edu,817-4807 Quis Rd.,22525,Bahia,Poland,(453) 184-4352
Fletcher Winters,(384) 245-1595,semper.rutrum.fusce@hotmail.couk,316-3239 Tristique Road,356982,Konya,Netherlands,(488) 628-9648
Jillian Lowe,1-571-803-8371,aenean.eget.magna@yahoo.couk,"932-1421 Convallis, Road",43865,Lazio,United Kingdom,1-667-326-6576
Tatum Kemp,(148) 127-6738,fermentum.risus.at@outlook.edu,"863-2336 Enim, Av.",888826,Eastern Cape,Singapore,1-158-367-4211
Jenette Cooley,(682) 107-1235,curae@protonmail.ca,167-5401 Pretium Street,60167-259,Trøndelag,Ukraine,1-674-316-6467
Kaye Crane,(243) 228-9516,enim.gravida.sit@outlook.edu,Ap #418-1034 Vulputate Ave,3405,Huádōng,United Kingdom,(767) 529-6337
Hamish Rosa,1-566-578-0119,nulla@google.net,"P.O. Box 547, 8254 Torquent Road",2180,Corse,Brazil,1-282-871-3137
Lacy Howard,(997) 664-0355,fringilla.ornare@yahoo.couk,Ap #719-4370 Dolor Rd.,G3Y 0C7,Jharkhand,Philippines,1-275-368-6873
Fulton Reed,1-111-838-2638,mauris.suspendisse.aliquet@icloud.org,Ap #126-9744 Quisque Ave,73388,Andalucía,Vietnam,(217) 574-8167
Benedict Johnston,(348) 979-3587,urna.nec@outlook.edu,6003 Netus Road,54913,Emilia-Romagna,Vietnam,(567) 231-0332
Mechelle Valencia,(287) 882-2842,amet.luctus@aol.com,Ap #974-8136 Imperdiet Rd.,77719-42548,Huila,Vietnam,1-587-892-7835
Tyrone Bryant,1-438-655-7550,non.sapien@icloud.com,2445 Metus. Avenue,4481-4711,KwaZulu-Natal,Austria,1-536-705-1212
Wynne Duncan,1-708-872-0302,auctor.quis@protonmail.org,Ap #352-5531 Rhoncus. Rd.,56662,Carinthia,Netherlands,(817) 269-7437
Berk Chandler,1-252-898-8601,adipiscing.ligula@yahoo.com,870-4560 Eleifend Rd.,474641,Davao Region,United Kingdom,(668) 445-1336
Keely Terry,(870) 522-1377,cursus.in@google.edu,"P.O. Box 168, 2778 Euismod Ave",20208,Vorarlberg,Turkey,(321) 702-7992
Judah Curry,1-821-668-4110,tincidunt.nunc@outlook.org,199-5296 Scelerisque Rd.,11715,Leinster,Canada,(606) 627-5804
Victoria Anderson,(556) 431-4573,diam.sed@hotmail.com,7457 Massa Avenue,403214,Gilgit Baltistan,France,(815) 311-2789
Blaze Wall,1-574-701-5727,arcu.morbi@icloud.net,764-635 Mi St.,1128,Ancash,Vietnam,1-849-901-7805
Lavinia Maynard,1-442-834-6512,donec@icloud.couk,"P.O. Box 593, 5028 Lacus. Rd.",656456,North Gyeongsang,Australia,(428) 781-6462
Lester Bright,1-226-373-4649,risus.at@aol.ca,956-4855 Quis Road,99K 1T3,North Island,Brazil,(448) 591-4184
Shoshana Zimmerman,(847) 689-6534,non.feugiat@yahoo.com,2764 Varius. Av.,4169,Lorraine,Norway,(604) 507-3219
Cain Suarez,1-353-134-7591,augue.malesuada@icloud.edu,"P.O. Box 902, 5099 Luctus Ave",22012,Marche,Singapore,(398) 359-8566
Tiger Petersen,(622) 350-5417,et.magnis@aol.edu,"P.O. Box 210, 3987 Eget St.",25J 6X3,Jharkhand,Colombia,(275) 417-8544
Gannon Whitehead,1-962-446-4875,ligula@yahoo.net,544-6840 Nisi St.,55249,Gilgit Baltistan,Pakistan,(157) 264-0874
Julie Franks,(785) 371-2441,vel.turpis.aliquam@aol.ca,421-6779 Mauris Street,50101,Buteshire,Poland,1-764-245-3051
Eagan Velasquez,1-382-238-2665,eu.enim.etiam@outlook.org,2258 Ante Road,61133,Bình Thuận,Brazil,(666) 583-6294
Hayes Burt,1-768-572-9774,sed.pede.cum@aol.net,480-2784 Ipsum Avenue,32744,Daman and Diu,Colombia,(738) 624-2523
Tad Woodard,1-874-315-3521,vitae@yahoo.com,4870 Tortor Ave,9134,Maluku,Russian Federation,(830) 402-3890
Lydia Aguirre,1-537-675-2874,eros@hotmail.com,270-2010 Interdum Avenue,8808,West Sulawesi,Ukraine,(782) 503-5504
Orla Atkinson,(718) 375-1186,cubilia@hotmail.ca,4197 Lorem Rd.,MU6 5LX,Paraíba,Mexico,1-701-540-7218
Deborah Drake,(318) 898-2478,nec.quam.curabitur@outlook.edu,"Ap #153-2360 A, Rd.",13027,Free State,France,(183) 294-5001
Basil Brewer,1-450-211-5846,augue.malesuada.malesuada@yahoo.edu,Ap #989-3831 Tempor Avenue,74-752,West Region,Australia,1-412-523-4608
Audra Medina,1-503-648-7575,nec.eleifend@protonmail.couk,Ap #963-1589 Elit. Rd.,47-560,Veracruz,Brazil,(859) 742-2672
Craig Kelley,1-843-738-8418,eu.sem@outlook.net,502-8493 Proin Rd.,224188,North Gyeongsang,Singapore,1-239-157-5130
Brianna Lancaster,(511) 717-8174,sagittis@outlook.edu,"8469 Tempor, St.",696765,Cherkasy oblast,Brazil,1-771-437-0714
Ulric Rowland,(566) 899-6626,erat.in.consectetuer@protonmail.couk,399-213 Sit Av.,7522,Castilla - La Mancha,Indonesia,(323) 121-1100
Kessie Santana,(680) 321-5016,eu.lacus.quisque@google.ca,908-9060 Mi Rd.,X7 5OR,Nordrhein-Westphalen,United Kingdom,(981) 402-3033
Hedda Mcmahon,1-427-474-4181,est.ac@icloud.net,"P.O. Box 442, 4954 Metus Road",58674-728,Mecklenburg-Vorpommern,India,(666) 862-0676
Tobias Burris,1-342-357-4588,nec.orci.donec@google.ca,Ap #672-1705 Lacinia Rd.,8111 IR,Lancashire,Australia,(494) 232-4483
Galvin Bass,(710) 128-9371,nonummy@protonmail.edu,246-8597 Eros Road,885338,Akwa Ibom,United States,1-581-607-3166
Channing Pratt,1-733-857-1731,blandit.at.nisi@google.net,262-9523 Molestie Av.,X3F 7BX,Dōngběi,Singapore,(768) 329-3256
Sylvia Cleveland,(615) 650-5815,praesent.eu@protonmail.edu,844-3309 Tristique Ave,81-54,Puno,Netherlands,(460) 866-7172
Calista Gamble,1-812-934-6772,imperdiet@protonmail.ca,Ap #785-980 Congue. Street,412161,Podkarpackie,Austria,(283) 647-2934
Arthur Atkins,1-544-567-7410,donec.est.nunc@google.com,680-9751 Molestie. Ave,385666,Guaviare,Costa Rica,1-373-634-8648
Colt Harrington,1-486-226-7818,fringilla.ornare@hotmail.ca,398-8860 Ipsum Rd.,61684,Kujawsko-pomorskie,South Korea,1-747-158-3245
Quon Edwards,(672) 777-7676,blandit.at.nisi@outlook.com,636-4142 Lectus St.,0961 SH,Cesar,Ukraine,1-357-848-7691
Mariam Stark,1-433-178-1438,aliquam@protonmail.ca,Ap #276-7687 Quisque Rd.,30600,Benue,Spain,1-834-618-7857
Nell Watts,1-573-261-3744,rutrum.urna@outlook.ca,"P.O. Box 650, 3403 At St.",40338,Quebec,Pakistan,(374) 247-3237
Evan Clayton,1-512-903-3144,feugiat.placerat@outlook.com,494-7982 Sem. Ave,24027,West Region,Canada,(346) 626-5339
Curran Harper,(658) 870-1413,justo.praesent@hotmail.couk,"Ap #422-8450 Amet, Rd.",7562,Soccsksargen,Vietnam,1-511-874-4748
Orla Bishop,(584) 707-5128,scelerisque.lorem@aol.com,259-1630 Sagittis. Road,21-765,Bangsamoro,Vietnam,1-120-237-1547
Deanna Matthews,1-694-187-0603,pharetra.sed@icloud.edu,5606 Ornare. Ave,76-65,Mazowieckie,Indonesia,1-535-984-3483
Eugenia Cruz,(585) 367-3736,sed.malesuada@outlook.com,"P.O. Box 452, 5898 Vel Road",2121,Northwest Territories,New Zealand,1-125-848-3600
Igor Bradford,1-857-584-7755,vitae@google.com,255-9124 Convallis Ave,L40 6CU,Hessen,Indonesia,(836) 686-2408
Echo Hayes,1-703-378-6486,luctus.ut@yahoo.couk,633-6844 Volutpat. St.,987997,Lower Austria,Belgium,(788) 524-1852
Carson Dean,1-922-128-4334,fusce.dolor@outlook.couk,"P.O. Box 564, 4959 Dis St.",38813,Dōngběi,Italy,(921) 645-2444
Ulysses Perry,1-940-192-7935,lacinia.vitae@protonmail.edu,7602 Magna. St.,28134,Sindh,Brazil,(448) 273-0378
Lacy Cummings,1-951-471-7789,tincidunt.aliquam@google.com,Ap #268-8420 Pellentesque Ave,61371,South Island,Pakistan,1-182-582-7753
Kaitlin Dale,1-618-611-4778,parturient.montes@outlook.net,"Ap #514-6610 Non, Rd.",1508,Coquimbo,Philippines,1-423-636-4152
Howard Miller,(865) 289-3454,consectetuer.adipiscing@outlook.couk,4699 Sed Road,G5N 8K3,Imo,New Zealand,1-943-521-5137
Wesley Peck,1-797-722-3374,sit.amet@yahoo.org,121-4840 Bibendum. St.,64-52,Alajuela,Peru,1-235-367-3057
Hector Waters,(571) 796-9351,a.purus@google.com,1637 Interdum Ave,161361,Trentino-Alto Adige,Vietnam,1-745-855-0217
Germane Mills,1-108-257-4241,convallis.convallis@hotmail.ca,"168-7007 Enim, Av.",443342,Tarapacá,Turkey,1-611-983-4875
Deacon Copeland,1-713-929-4078,tincidunt.tempus@protonmail.edu,527-5328 Massa. Street,95071,Western Cape,Chile,1-528-667-3072
Ulla Garrison,(478) 574-8511,porttitor.tellus.non@yahoo.net,Ap #852-1573 Sapien. Ave,763,Sverdlovsk Oblast,Australia,(627) 586-3718
Vera Phillips,(420) 584-4214,maecenas.mi@protonmail.edu,Ap #986-9609 Dolor St.,S9L 7V1,Thừa Thiên–Huế,Philippines,(738) 215-2784
Anthony Stevenson,(974) 467-5754,vitae.mauris@hotmail.net,127-2720 Eu Avenue,35-667,Loreto,Peru,(686) 731-7562
Kyle Bernard,1-638-670-9179,enim.curabitur.massa@hotmail.ca,Ap #911-9691 Eu Av.,68046,Quebec,South Korea,1-263-249-7386
Zenaida Herring,(902) 472-6617,curabitur@icloud.couk,131-1237 Scelerisque Street,93434,Punjab,Netherlands,1-771-688-4867
Cheyenne Riley,(801) 537-5867,parturient.montes@outlook.edu,928-3503 Dignissim. Avenue,3961205,Southwestern Tagalog Region,Norway,1-407-298-9454
Brooke Finley,(717) 624-6812,molestie.tellus@hotmail.ca,756-2010 Etiam St.,5951,Stockholms län,Costa Rica,(346) 785-1670
Xanthus Morton,1-391-342-8804,risus.in@protonmail.org,708-7891 Diam Av.,3812,Puntarenas,Germany,1-759-703-3093
Yasir Conrad,(615) 870-3177,odio.a.purus@protonmail.edu,200-4872 Posuere Road,339132,Australian Capital Territory,Australia,(242) 225-7682
Nell Combs,1-483-517-5368,molestie.arcu@google.org,7960 Facilisi. Av.,8453,Upper Austria,Austria,1-112-135-4704
Jillian Patton,1-865-195-7962,ornare.tortor@yahoo.net,597-462 Diam Avenue,W59 7JE,Puntarenas,Australia,(297) 230-9243
Nicole Carey,(327) 277-8777,elit.etiam@outlook.net,Ap #851-3766 Iaculis St.,309844,Central Kalimantan,Canada,(323) 246-4472
Ignatius Martinez,1-318-177-5432,enim@aol.edu,236-9246 Amet Rd.,2707,Zeeland,India,1-844-613-7165
Stone Leblanc,1-243-634-2111,ultricies@google.net,"P.O. Box 794, 845 Mollis St.",72135,Rio Grande do Sul,Australia,1-863-655-3122
Kay Tillman,(259) 226-2737,dictum.eu.eleifend@aol.net,"Ap #416-5071 Lorem, Rd.",4834,North Island,Chile,1-315-651-2638
Mariko Hall,1-469-228-5855,cras.convallis@aol.couk,"P.O. Box 851, 8685 Lacinia Av.",24728,Östergötlands län,Chile,1-237-847-6150
Alec Peters,(577) 327-7921,ipsum.curabitur@aol.net,Ap #384-2009 Nulla St.,7655,Centre,Spain,(324) 260-1374
Jena Le,(984) 688-3113,condimentum.donec@google.net,123-2775 Elit. St.,62171-875,North Chungcheong,China,1-941-663-3157
Rigel Barnett,1-497-733-2667,curae.donec.tincidunt@outlook.org,"P.O. Box 992, 6027 Mauris Ave",875761,North-East Region,Norway,1-815-266-6734
Naida Hahn,(986) 425-0713,quam.elementum@icloud.net,"Ap #637-1928 Sed, St.",83327,Alajuela,Russian Federation,(663) 282-5193
Donna Rodriguez,(826) 859-4661,ridiculus.mus@icloud.org,"Ap #605-8833 Sed, Street",7636,Ulster,China,1-697-171-4725
Geoffrey Franco,(547) 536-5258,libero.et.tristique@google.com,Ap #170-381 Quis Rd.,48711,FATA,Italy,1-382-202-6480
Nola Rich,1-352-213-3604,ut.ipsum@hotmail.org,140-3840 Sagittis Rd.,96496,Hidalgo,Netherlands,1-127-162-4351
Gavin Ruiz,1-545-551-2826,diam.pellentesque@aol.ca,"685-8628 Montes, Rd.",38-79,Illes Balears,Ireland,1-652-221-5821
Hakeem Branch,1-843-288-2634,sed.hendrerit@google.ca,"Ap #278-5413 Lobortis, Ave",10093-58428,Puntarenas,Ukraine,1-664-622-6779
Jakeem Burris,(855) 746-5639,vulputate.posuere@aol.edu,457-3060 Ut St.,6273,Zhōngnán,South Africa,1-772-665-8511
Kasper Lopez,(514) 816-2593,interdum@icloud.org,Ap #586-6150 Magna. Road,286533,Poltava oblast,Singapore,(963) 778-6724
Patrick Peck,1-458-161-1645,urna.nec@aol.net,5664 Ipsum. Rd.,18521,Zaporizhzhia oblast,Netherlands,1-442-754-3139
Cameron Jimenez,(569) 398-1523,malesuada.augue.ut@aol.net,295-1311 Mauris. Rd.,86853,Utrecht,Australia,1-652-908-1501
Keefe Parsons,(416) 864-5731,metus@yahoo.edu,625-3337 Dolor Av.,118356,Luxemburg,Turkey,1-341-315-0273
Hedley Carney,(819) 772-7116,justo.sit@hotmail.org,720-337 Ligula Ave,15846,West-Vlaanderen,Turkey,1-773-967-7828
Camilla Merritt,(517) 557-4628,sociis.natoque.penatibus@hotmail.ca,"154-8652 Ullamcorper, Street",5852,East Region,France,1-761-225-6845
Flavia Dale,(498) 822-8431,cursus.vestibulum@outlook.edu,"P.O. Box 397, 6954 Eros. Avenue",546453,Bắc Giang,United Kingdom,(215) 236-5826
Beau Mccoy,(843) 833-5177,metus.eu@aol.edu,939-6843 Tempor St.,50105,Schleswig-Holstein,Ukraine,1-492-766-5579
Elizabeth Mccarthy,1-780-964-6213,parturient.montes@hotmail.org,964-4947 Varius. St.,827,Lubelskie,Ireland,1-721-546-1739
Gloria Reid,(140) 367-1717,luctus.felis.purus@outlook.edu,"Ap #992-5469 Egestas, Road",67617,California,South Korea,1-882-560-5073
Candice Steele,1-662-281-7697,mauris.vestibulum@icloud.net,194-2863 Erat St.,75-29,São Paulo,Norway,1-294-338-0366
Arden Monroe,1-479-387-7826,faucibus.morbi@icloud.com,155-5065 Tortor Road,6196,North-East Region,Italy,(863) 856-1034
Rhiannon Ramsey,(627) 819-4503,euismod@yahoo.couk,Ap #117-8091 Cum Street,8024,Extremadura,Philippines,(897) 475-3522
Ivan Valdez,1-379-321-1643,lacinia.sed@icloud.net,218-4463 Sed St.,8289,Noord Brabant,Indonesia,1-874-544-6269
Avram Pratt,(216) 106-3186,amet@hotmail.ca,779-5425 Quisque Rd.,31637,Innlandet,India,1-180-339-7910
Evan Carlson,1-298-483-9832,in.ornare@protonmail.net,Ap #445-1620 Malesuada Avenue,78-18,North Jeolla,Singapore,(582) 416-4761
Craig Murphy,(616) 280-8381,phasellus.dolor@icloud.org,7759 Erat. Ave,2067,Puntarenas,Mexico,1-517-434-3248
Alyssa Hansen,1-341-547-6743,risus.a@yahoo.com,929-113 Lorem Street,545346,Manitoba,Nigeria,(585) 341-1763
Moses Carter,1-835-319-8584,volutpat.nunc.sit@hotmail.org,"2670 Vitae, Rd.",5337,Kiên Giang,Singapore,1-263-911-5253
Celeste Peterson,(195) 932-0632,ligula.aliquam@yahoo.ca,"P.O. Box 723, 8397 Urna. St.",36416,Kano,South Africa,1-458-279-4797
Neville England,(566) 519-4678,eu.sem@outlook.edu,5526 Libero St.,273571,Noord Brabant,Mexico,1-911-563-0620
Dexter Washington,(692) 634-8641,felis.nulla@icloud.com,"P.O. Box 548, 8022 Augue Rd.",58-41,Morelos,United States,(585) 735-2192
Merritt Poole,(963) 631-9071,pulvinar@aol.couk,666-4446 Posuere St.,768462,Lorraine,Belgium,(266) 525-1277
Jacob Spence,(864) 224-2371,erat@aol.ca,Ap #124-4832 Blandit Road,NO7 6NE,Osun,Australia,(414) 527-2364
Ignatius Bentley,(857) 235-6335,nisi.cum.sociis@google.edu,3541 Lorem Street,7825,Nord-Pas-de-Calais,United States,1-512-524-2656
Neil O'connor,(847) 257-8502,nunc@icloud.couk,"P.O. Box 650, 3863 Vel, St.",3524,Alberta,South Korea,(383) 759-8354
Jessamine Bryant,(456) 860-9913,ligula.aenean.euismod@aol.com,Ap #958-2433 Consectetuer Av.,47273,Sachsen-Anhalt,Colombia,(982) 614-7654
Rama Stout,1-319-288-5226,nullam.lobortis.quam@protonmail.org,404-8731 Suspendisse St.,658984,Roxburghshire,Brazil,(464) 766-9156
Curran Conner,1-425-905-4555,in.condimentum.donec@yahoo.edu,6589 Neque Rd.,50348,South Island,Turkey,1-257-933-2517
Rina Gates,(232) 717-9643,odio@google.edu,Ap #809-8414 Torquent Rd.,C8C 1R8,Caraga,New Zealand,1-355-957-1151
Hiram Herrera,1-198-298-3832,nam.tempor@icloud.edu,860-1541 Neque. Av.,68-446,Gelderland,Colombia,(637) 586-6352
Geoffrey Fisher,(315) 703-4033,aliquet.phasellus.fermentum@hotmail.org,"P.O. Box 414, 811 In Road",29346,Borno,Poland,1-464-247-6731
Hillary Benson,(848) 263-4578,proin@protonmail.edu,Ap #416-3193 Est St.,99844,North West,Indonesia,1-251-660-7221
Kevin Soto,(535) 589-8174,nam.ligula@icloud.org,Ap #320-8188 Duis St.,613713,Noord Brabant,Australia,(779) 532-4881
Rachel Tillman,(154) 477-8918,non.vestibulum@outlook.org,"1596 Suscipit, Ave",74536,Kirovohrad oblast,Turkey,1-581-777-5922
Lester Potter,1-125-370-7637,vitae@google.edu,"P.O. Box 807, 2907 Placerat Avenue",1453 RH,Xīnán,India,1-471-788-5375
Frances Anderson,(478) 451-5692,et@hotmail.net,"P.O. Box 121, 4306 Netus St.",423848,Tyrol,Belgium,(254) 914-7954
Giacomo Fields,(281) 116-1572,proin.vel@outlook.net,Ap #844-6809 Purus. Road,2475,North Sulawesi,South Korea,(310) 316-6948
Ima Bryan,1-215-423-1517,amet@aol.org,932-3076 Libero Street,46-282,Molise,Netherlands,(250) 564-2762
Colton Hensley,(736) 411-3402,nullam@aol.ca,1844 Quis Ave,76582,Connacht,Turkey,1-625-774-2123
Hop Jefferson,(651) 293-1999,eu@aol.net,370-2571 Aliquam Ave,17264,Special Capital Region of Jakarta,Brazil,1-383-377-1437
Linda Strickland,1-445-633-5275,ullamcorper.eu@protonmail.com,6672 Donec St.,168413,Amur Oblast,Costa Rica,1-478-385-6686
Lionel Ball,1-719-316-9354,sociis@icloud.org,"P.O. Box 787, 1720 Sit St.",5036,Sóc Trăng,South Korea,1-232-592-7899
Keegan Rojas,(882) 789-9645,orci@hotmail.net,Ap #248-7735 Tortor. St.,251718,Yukon,Chile,(980) 589-7274
Emerald Dunn,1-881-408-6255,et.rutrum@yahoo.org,"P.O. Box 287, 7377 Duis Street",30692,Sinaloa,Vietnam,(356) 511-1251
Uriel Eaton,1-955-373-3747,malesuada.vel@aol.org,9070 Aliquam Av.,6619,Wielkopolskie,India,(396) 278-2625
Ivory Farrell,(657) 463-7764,sapien.imperdiet@google.com,390-7283 Orci Ave,727336,Huádōng,United Kingdom,1-523-342-7245
Jillian Holman,1-274-372-0513,nec.diam.duis@protonmail.net,749-5431 Arcu. Street,46592-676,Murcia,Sweden,1-878-343-3143
Amos Forbes,1-551-761-9080,maecenas.ornare@yahoo.ca,551-5060 Posuere Ave,5146,East Kalimantan,China,(481) 327-2756
Price Salas,(141) 535-9694,mauris.non@protonmail.org,Ap #434-9327 Lacinia Ave,13538-63193,Principado de Asturias,Nigeria,1-881-653-1357
Lucy Pratt,(350) 632-7937,aliquet.odio.etiam@aol.net,416-9934 Neque. Rd.,924377,Puebla,Canada,1-215-394-1421
Nasim Koch,1-839-424-1831,scelerisque@yahoo.ca,271-1007 Tincidunt Ave,1852,Lubelskie,Italy,1-843-483-7175
Ramona Rodriquez,1-624-503-1436,lorem@outlook.couk,"P.O. Box 920, 6876 Tempus Rd.",9421,Central Region,Peru,1-496-572-6327
Kessie Kent,1-172-123-5592,quisque.imperdiet.erat@google.com,322-974 Commodo Rd.,859107,Östergötlands län,South Korea,(854) 517-4636
Walker Tran,1-966-288-2187,sollicitudin.orci@yahoo.couk,339-3130 Nullam Av.,9256,Norte de Santander,South Africa,(526) 863-7015
Kylynn Barker,(904) 744-0446,nulla@hotmail.couk,"P.O. Box 271, 8745 Aliquet St.",353156,South Australia,Colombia,(876) 230-1115
Fitzgerald Price,1-270-335-6996,metus@google.com,547-6552 Cubilia Street,2200,Dalarnas län,Norway,1-528-552-5457
Kameko Richardson,(849) 413-1224,eros.nam@protonmail.org,Ap #993-4022 Tempor Road,24871,Azad Kashmir,Indonesia,(380) 615-8217
Olga Richards,1-923-732-8174,fusce.diam.nunc@hotmail.couk,9298 Curae Rd.,314424,South Island,Australia,(695) 817-2235
Quamar Conner,(558) 523-1322,nisl.elementum@protonmail.couk,674-2995 Egestas St.,33625,South Island,South Korea,(634) 575-8656
Scarlet Franks,(639) 915-1445,dui.in@protonmail.ca,808-9028 Integer Avenue,23-75,Gauteng,Vietnam,(181) 425-4138
Merrill Gregory,1-736-455-0453,gravida@aol.org,458-4502 Augue Street,486624,Rio Grande do Sul,Mexico,1-398-318-6152
Gage Flowers,1-907-425-9159,quisque.purus.sapien@hotmail.edu,Ap #941-3336 Vivamus St.,64138,Leinster,Netherlands,1-842-713-8224
Allegra Lawrence,(355) 272-5156,at.velit@hotmail.org,"Ap #381-4218 Vel, St.",45943,Noord Holland,Canada,1-688-455-7634
Ocean James,1-385-563-9730,proin.dolor@yahoo.edu,201-5968 Nam St.,34-942,Khyber Pakhtoonkhwa,South Africa,1-322-865-4608
Melyssa Lucas,(132) 905-7311,in.faucibus.morbi@google.couk,"P.O. Box 730, 8995 Euismod Street",14251,Western Cape,Canada,1-277-131-7676
Serena Jackson,(584) 994-7614,sapien.aenean@hotmail.ca,"157-6383 Sem, St.",6226-8507,Bicol Region,Indonesia,1-437-242-2863
Caleb Wooten,1-554-798-4706,nisi@aol.couk,Ap #654-7884 Imperdiet St.,107833,Auvergne,Pakistan,(437) 274-5353
Azalia Weber,1-592-524-1967,magna.a@outlook.org,3027 Tempor Street,21382,Ontario,Sweden,(442) 244-4736
Lawrence Rosario,1-471-581-6688,interdum.libero@protonmail.ca,Ap #698-5084 Luctus Rd.,3736,Kharkiv oblast,Singapore,1-318-771-7462
Mikayla O'donnell,(561) 302-1526,diam.nunc@yahoo.edu,2444 Neque Av.,68-013,São Paulo,Belgium,1-348-854-5091
Magee Sheppard,1-741-314-6682,nibh@yahoo.net,606-4040 Faucibus Avenue,73810,Devon,Germany,1-991-637-6663
Priscilla Chase,(354) 222-6221,dis.parturient@outlook.com,"P.O. Box 952, 6120 Nunc Avenue",26085,Ternopil oblast,Spain,1-257-845-5117
Nita Hoffman,1-974-788-4480,dui.cras@outlook.couk,Ap #536-9664 Nulla Street,7810-8235,Vienna,Pakistan,(413) 805-3565
Fuller Hyde,1-828-943-1383,in.magna@yahoo.org,960-3525 Semper Rd.,655193,East Kalimantan,France,(346) 729-0469
Stone Knapp,1-153-248-8158,a.auctor@google.edu,Ap #196-9274 Aliquam St.,28255,Gävleborgs län,New Zealand,(742) 895-4043
Colt Keller,1-653-444-9386,amet@outlook.com,Ap #163-7255 Accumsan Street,O7P 5W0,Tyrol,United Kingdom,1-132-251-5767
Caesar Mcgowan,(383) 325-4574,scelerisque.neque.sed@icloud.edu,Ap #466-5033 Interdum Avenue,914810,Metropolitana de Santiago,Vietnam,1-486-595-7618
Jamalia Tillman,1-567-641-1624,lorem@outlook.couk,530-2972 Mus. Ave,43662-44811,South Island,Netherlands,(270) 555-8932
Jerome Lewis,1-184-456-8511,dolor.nonummy@aol.net,Ap #146-2343 Blandit. Street,53041-67945,North Gyeongsang,Nigeria,1-843-484-9495
Omar Bruce,1-251-988-2125,non@yahoo.edu,Ap #230-3336 Et St.,19763,Mecklenburg-Vorpommern,South Korea,(836) 811-8172
Ian Solis,1-839-638-1277,mauris.elit.dictum@outlook.org,772-6805 Magna. St.,3211,Osun,Russian Federation,(877) 442-9386
Harrison Tate,1-964-847-4217,cum.sociis.natoque@outlook.net,750-8529 Duis St.,59768,Leinster,Poland,1-431-457-5732
Yuli Marquez,1-261-442-5946,sem.nulla.interdum@outlook.net,Ap #381-3586 Velit. St.,11037,Vestfold og Telemark,Ireland,(250) 726-5385
Reece Hudson,(521) 413-3644,eu.nulla@protonmail.net,703-1700 Massa. Road,6533,Jeju,Singapore,1-837-536-5137
Eaton Lyons,1-278-582-2896,duis.dignissim@google.com,Ap #913-3105 Ut St.,6672-8776,Zhōngnán,New Zealand,(932) 435-8955
Abra Kent,(482) 842-8858,nullam.enim@outlook.org,Ap #686-5052 Eget Street,25392,Basilicata,Ireland,(985) 610-6177
Courtney Fuller,1-443-437-5756,et@icloud.couk,3973 Non St.,46067,Basse-Normandie,South Korea,(819) 228-0878
Plato Walsh,(844) 794-8350,accumsan.neque@protonmail.couk,"2019 Non, Ave",249445,Guerrero,Germany,(335) 363-7577
Peter Dennis,1-241-847-4895,auctor.odio.a@aol.net,409-4050 Arcu. Rd.,74667,Iowa,South Korea,1-436-403-2193
Eve Stevenson,(518) 212-4311,et.magnis@aol.ca,Ap #230-4038 Nulla Rd.,83-390,Bedfordshire,Indonesia,1-126-670-9329
Lee Price,(739) 762-4337,vitae.aliquam.eros@protonmail.ca,228-7942 Faucibus Rd.,7208-7545,Cardiganshire,Mexico,1-851-156-4553
Jessamine Becker,(395) 153-5448,dictum.eleifend.nunc@hotmail.ca,Ap #846-5507 Sem St.,34722,Connacht,Pakistan,1-576-494-4983
Melinda Blankenship,(335) 110-5978,mollis@google.org,397-985 Scelerisque Rd.,13566,Cusco,Philippines,1-726-867-2779
Sybil Valenzuela,1-887-611-3515,lorem.vitae@hotmail.org,9084 Vitae St.,6514,Burgenland,Ukraine,1-806-844-0159
Palmer Nichols,(833) 243-6742,tincidunt@google.couk,Ap #754-9963 Eu St.,61841,Noord Holland,Poland,(863) 173-8166
Alisa Hardin,(214) 848-3906,enim.consequat@yahoo.org,6296 Enim Rd.,1252 HP,Jönköpings län,United States,(727) 335-3818
Kalia Foreman,(804) 820-4730,amet.risus@yahoo.couk,8163 Libero Ave,5188 PE,Bali,Mexico,(742) 455-8868
Baker Mckee,1-916-524-6478,magnis.dis@hotmail.com,"P.O. Box 634, 8319 Aliquet Road",2264,Guerrero,Peru,(486) 381-8375
Avram Dominguez,1-870-620-1846,purus.ac@yahoo.net,432-3249 Eu Street,0010-4476,Pomorskie,Chile,1-710-513-5357
Melinda Salazar,(787) 830-9560,phasellus.in@google.org,Ap #797-6543 Dui Avenue,7570,North West,Netherlands,1-982-785-3210
Josephine Rich,1-112-255-5888,nunc@hotmail.net,Ap #408-8014 Nunc Avenue,44234,Nairnshire,Russian Federation,(428) 618-5263
Reed Weiss,1-345-276-1605,pede.et@aol.org,906-8424 Nunc Rd.,98363,Sumy oblast,Germany,(146) 721-1589
Yasir Mcfadden,1-744-325-5224,lacus.etiam.bibendum@yahoo.net,"P.O. Box 684, 9054 Massa Avenue",1157,Henegouwen,Vietnam,1-689-562-3656
MacKenzie Tran,(710) 907-7132,phasellus.dolor@google.net,8551 Semper Road,6148,Luik,Colombia,(425) 465-3007
Tarik Blanchard,1-564-733-1579,ac.fermentum@google.edu,"605-5912 Ultrices, St.",150714,Zeeland,Mexico,(416) 222-1757
Rigel Turner,1-487-994-8066,varius.et@icloud.ca,238-3180 Magnis Avenue,28514,Sinaloa,India,1-534-226-8637
Cole Campbell,(960) 204-1028,sed.nunc@yahoo.ca,6385 Lacinia Street,5145,Thừa Thiên–Huế,Netherlands,(455) 148-4718
Shaine Landry,(503) 815-3661,augue.ac.ipsum@hotmail.couk,"P.O. Box 412, 5068 Curabitur Ave",17514,Sóc Trăng,Australia,(247) 753-8857
Oliver Price,(566) 725-7376,enim.consequat.purus@outlook.org,Ap #187-8372 Orci Ave,454064,Bình Thuận,Singapore,1-642-589-1879
Mary Page,1-665-448-1658,purus.mauris@protonmail.couk,429-2975 Aenean St.,758131,Istanbul,Brazil,(483) 125-8417
Mechelle Michael,1-794-955-6113,blandit.nam@icloud.net,Ap #551-6289 Sed Av.,329372,Podkarpackie,Turkey,1-977-354-5326
Vernon Smith,1-211-472-2759,tincidunt.congue@hotmail.org,"P.O. Box 163, 4973 Porttitor Avenue",411785,São Paulo,United States,(146) 421-7843
Stone Rogers,1-837-837-7582,dictum@google.edu,3290 Ac Road,564432,Bến Tre,Vietnam,(433) 533-3387
Veronica Blake,(125) 631-4069,sed@outlook.couk,8785 Ligula Road,16300,Bremen,Indonesia,(932) 217-3950
Igor King,(389) 375-7486,aliquam.ultrices.iaculis@aol.couk,"P.O. Box 805, 980 Maecenas Rd.",611351,Imo,South Korea,(413) 482-2324
Portia Shepard,1-935-278-5415,non.cursus@aol.ca,906-1836 Nisi Ave,9853,Guanacaste,Canada,1-136-604-4548
Jescie Freeman,1-968-231-1625,donec@yahoo.couk,437-4242 Gravida St.,48923,Istanbul,Italy,(244) 777-2011
Fritz Leach,1-581-326-0387,orci.lobortis@aol.ca,"4607 Convallis, Rd.",4848,Antofagasta,Australia,1-772-452-3114
Patience Riddle,1-582-669-8613,quisque.purus.sapien@outlook.org,Ap #928-3519 Hendrerit Rd.,57899,Goa,Ireland,1-353-157-3776
Tatum Walters,1-640-591-1128,id@hotmail.org,9112 Amet Street,67111,East Region,Austria,1-694-633-4652
Quynn Ayers,(623) 321-6885,quisque.nonummy.ipsum@protonmail.edu,987-9952 Ligula. Ave,3659,Oaxaca,Poland,1-687-784-7985
Benjamin Merritt,1-175-388-8325,magna@outlook.net,Ap #492-9623 Lobortis Av.,36753,Östergötlands län,Canada,(403) 745-4700
Wilma Small,(205) 847-7614,magna.et@yahoo.org,Ap #831-5805 Eget Rd.,17-12,Punjab,Mexico,1-591-465-5368
Pandora Morrison,1-375-821-9177,risus.quis@aol.edu,"P.O. Box 641, 5613 Turpis. Street",8145,Vorarlberg,New Zealand,1-229-561-2448
Brady Rush,(408) 352-2620,consectetuer.adipiscing@hotmail.edu,864-2458 At St.,4916,Vaupés,Ukraine,1-788-526-6582
Mercedes Salinas,1-560-371-1787,euismod.et@aol.org,Ap #392-5696 Ornare. St.,678078,Delta,Austria,1-556-568-5222
Maite Matthews,1-522-223-6266,mattis.semper@icloud.org,"861-8972 Orci, Street",68461,Utrecht,United Kingdom,1-114-783-8512
Slade Baird,1-586-471-9711,donec.est@google.edu,635-8111 Faucibus Rd.,7876,British Columbia,Brazil,1-568-722-1142
Brock Perez,(874) 761-6416,nullam.enim.sed@yahoo.couk,Ap #135-6929 Pharetra. Rd.,36632,Saskatchewan,Australia,1-113-197-3416
Sophia Duncan,1-733-211-3797,eros.turpis@yahoo.ca,875-8620 Nec Ave,57386,Hà Nam,Austria,(931) 972-4443
Kareem Matthews,(212) 687-5551,viverra.maecenas@protonmail.ca,2584 Odio. Rd.,T8T 5G0,Vinnytsia oblast,Mexico,(395) 776-9639
Alice Little,(214) 926-7053,praesent.eu@google.couk,2566 Massa Rd.,28446-226,Sucre,Netherlands,(323) 577-1432
Elijah Hood,(864) 175-3203,faucibus@google.com,Ap #656-5604 Aliquet Rd.,321644,West-Vlaanderen,Mexico,1-679-589-3292
Yardley Lara,1-536-764-6626,dictum.proin@icloud.couk,"672-6199 Tellus, St.",33167,Poitou-Charentes,Pakistan,(671) 501-6846
Fritz Davenport,1-863-687-5463,nunc.ut@hotmail.org,Ap #347-8023 Sed Rd.,2239,Wyoming,Peru,(231) 367-2648
Justine Rose,1-482-793-1322,ultrices@icloud.edu,"P.O. Box 506, 3016 At, Rd.",7620,Stockholms län,Ukraine,(853) 536-3214
Marshall Cash,(551) 278-1652,elit.erat@icloud.edu,638-4402 Dictum Ave,266145,Navarra,Ukraine,1-296-724-6262
Marshall Hawkins,(966) 985-6741,aliquet.magna@aol.net,"8885 Lobortis, Av.",9705,East Nusa Tenggara,Chile,1-865-416-6935
Cooper Berger,1-268-380-4227,in.scelerisque@hotmail.couk,"Ap #905-5292 Ut, St.",5331,Lagos,Chile,(412) 773-2765
Solomon Potter,1-153-968-5761,risus.odio@yahoo.org,979-9622 Arcu. St.,472791,Ivanovo Oblast,Australia,1-475-400-3152
Sebastian Parsons,(863) 533-7757,elementum.at.egestas@aol.com,120-9764 Ultricies Ave,524330,Vorarlberg,Ireland,1-273-984-9138
Jared England,(518) 687-8077,libero.morbi@outlook.org,"P.O. Box 467, 8973 Augue Street",449445,North Gyeongsang,United States,(726) 734-2857
Signe Hardin,(882) 747-1978,adipiscing.non@google.net,Ap #772-5625 Lacinia. St.,583143,Central Region,France,1-893-664-8330
Elliott O'connor,(547) 973-4221,ridiculus@protonmail.edu,255-335 Varius Rd.,79433-62373,Brecknockshire,India,1-987-686-8002
Alfonso Galloway,(585) 540-2656,arcu@icloud.edu,"2331 Et, Av.",32-38,Maranhão,Norway,(135) 553-9601
Justin Wilkerson,1-839-610-6260,aliquet@icloud.net,7041 Neque Rd.,56854,Ceará,Poland,(285) 242-8145
Riley Dawson,(269) 513-7271,vivamus.rhoncus@google.edu,758-9665 Sem Rd.,7661,Sonora,South Korea,(228) 268-2294
Karleigh Gonzales,1-389-527-9446,magna@aol.com,Ap #279-4247 Felis Rd.,423118,Australian Capital Territory,Costa Rica,1-167-887-4244
Timon Holman,(528) 651-3686,proin.eget@yahoo.ca,6294 Euismod Av.,837207,Benue,Germany,(220) 103-2533
Harriet Galloway,(817) 854-5416,nunc.pulvinar@outlook.org,"P.O. Box 841, 7105 Blandit. Rd.",9616,Riau,Sweden,1-420-578-4637
Vivian Page,1-727-567-5474,condimentum.eget@yahoo.couk,194-1055 Quam Road,6175,West Java,Colombia,(668) 502-7956
Hashim Buckner,1-478-351-0786,eleifend.nec@protonmail.couk,Ap #836-6110 Blandit Ave,3313,Katsina,Ireland,1-629-546-5828
Darius Brennan,(971) 110-1475,ac.libero.nec@protonmail.ca,"Ap #828-4428 Vitae, Road",85788,Agder,Pakistan,1-553-716-8019
Harriet French,1-221-412-2491,diam.pellentesque@outlook.net,"5147 Dui, St.",21753-232,Adana,Germany,1-529-206-5145
Vielka Key,(806) 511-1227,orci.ut@icloud.org,Ap #838-7232 Sagittis Ave,261452,Merionethshire,Poland,(823) 811-2030
Sigourney Ewing,1-630-663-4637,sagittis.lobortis.mauris@icloud.org,"P.O. Box 880, 7598 Odio Street",170577,Antalya,Costa Rica,1-894-116-2106
Noble Bishop,1-233-246-6761,lobortis.class@google.couk,Ap #167-970 Lacinia. Street,2857,Bali,Turkey,1-738-860-7525
Colton Goff,(616) 485-1238,dui@protonmail.net,"6859 Et, Road",474852,Astrakhan Oblast,Sweden,1-485-522-3401
Carson Michael,(967) 259-2418,ac.metus@google.couk,"P.O. Box 528, 6387 Urna Road",9594,Tasmania,United Kingdom,(322) 735-3787
Jasmine Jensen,1-737-705-1733,maecenas.libero.est@google.couk,721-7986 Fringilla Road,231508,Aragón,Spain,(584) 385-7458
Rooney Crawford,1-668-576-6514,mauris@google.ca,Ap #354-168 Erat Rd.,50112,Balochistan,Brazil,(722) 617-7571
Dara Ferrell,1-338-938-1375,sociis.natoque@icloud.ca,156-4964 Felis. Street,33212,Goa,Nigeria,(718) 573-3276
Echo Sharp,(388) 326-3554,hymenaeos@protonmail.com,230-3380 Nulla Ave,93-289,Coquimbo,Philippines,(776) 573-2317
Winifred Watkins,1-608-447-8232,neque.in@yahoo.net,6526 A Ave,46450-625,Leinster,Belgium,1-379-325-4278
Willa Gould,(223) 353-8765,libero@icloud.net,850-5242 Lorem St.,5449,Loreto,United Kingdom,1-454-447-5502
Hope Hubbard,1-828-515-2766,varius.ultrices@icloud.edu,835-4129 Sem Av.,419838,Sindh,Poland,1-451-301-5999
Orla Mitchell,(812) 497-5111,rutrum.urna@aol.org,932-192 Massa. Rd.,445100,Biobío,Australia,(146) 242-1699
Ciaran Hansen,(632) 668-1173,non@yahoo.edu,"Ap #627-8149 Nec, Rd.",7295,La Libertad,India,1-113-342-5449
Kasimir Anthony,1-415-265-6518,diam.at@outlook.ca,414-3574 Vulputate St.,C8X 4E2,Diyarbakır,Pakistan,(285) 491-5930
Preston Freeman,1-709-646-9062,lorem.luctus.ut@aol.couk,3092 Cursus. St.,634229,Los Lagos,South Korea,(855) 456-5365
Emerson Thomas,1-602-543-7583,tristique.ac@protonmail.couk,Ap #491-9709 Vulputate Rd.,9412,Sutherland,Costa Rica,1-861-898-2605
Sylvester Delacruz,1-808-513-5493,tempus@aol.couk,Ap #202-2948 Mi Ave,271210,Cusco,Peru,(384) 731-6833
Chaim Carpenter,(973) 862-8543,sit.amet.ante@yahoo.net,500-8471 Orci St.,582251,Aragón,New Zealand,1-534-239-2334
Wayne Steele,(951) 516-1669,elit@hotmail.org,"P.O. Box 883, 6492 Orci. St.",15R 1N2,Arequipa,Nigeria,(567) 812-6649
Erin Booker,1-811-334-5240,euismod@outlook.org,295-8575 Metus St.,51133,Rheinland-Pfalz,Canada,(279) 426-6375
Ivor Pitts,(428) 975-9267,hendrerit@hotmail.ca,890-4514 Magna. Street,21249,Central Luzon,Chile,(678) 707-1951
Benedict Cunningham,(711) 318-5235,non.leo@protonmail.edu,"P.O. Box 867, 4106 Eu Rd.",7374-2551,Huádōng,Italy,1-926-840-7846
Xavier Foster,1-517-387-7130,nec.ante@icloud.org,Ap #201-2541 Consectetuer St.,53063,Zeeland,Poland,(936) 266-4372
Ifeoma Small,(473) 314-7657,et.rutrum.eu@outlook.ca,"P.O. Box 447, 9117 Ridiculus Street",404527,West Region,Colombia,(633) 751-6844
Walter Sanders,(861) 611-8431,in.lorem@outlook.ca,248-9776 Lorem Ave,7103,Surrey,Costa Rica,(456) 736-3805
Jenette Page,1-158-251-5447,enim@protonmail.org,6949 Orci Ave,23335-75793,Gauteng,Italy,(385) 518-5133
Carol Howell,1-803-432-7962,ipsum@protonmail.org,Ap #991-7737 Ultricies Street,79415,Morelos,Norway,1-138-428-4252
Henry Solomon,(792) 687-9761,amet@google.couk,956-234 Nascetur Rd.,45292,Wigtownshire,Austria,(813) 975-6131
Jescie Gallegos,1-268-856-2551,mauris.ut@icloud.ca,159-7966 Cras Rd.,523085,Puntarenas,Colombia,(839) 891-5642
Noah Clarke,(384) 518-8761,egestas@protonmail.edu,Ap #157-416 Eu Road,R5L 6Y8,Toscana,United Kingdom,1-628-366-3213
Kato Rhodes,1-465-863-6616,nibh@yahoo.org,894-4387 Tristique Street,5271,Yucatán,New Zealand,1-943-359-4738
Darryl Matthews,1-942-105-7825,quis@protonmail.com,"P.O. Box 356, 552 Dignissim Rd.",292751,Uttarakhand,Indonesia,(211) 574-5287
Valentine Morris,(731) 884-2506,tempor.erat.neque@hotmail.couk,137-9863 Euismod St.,18-730,Norfolk,United Kingdom,1-812-262-9863
Brenda Stokes,1-112-312-3437,neque.sed@aol.couk,Ap #119-7689 Cum St.,66672,Bauchi,China,(891) 831-1154
Uriah Bailey,(532) 877-5885,aliquet.nec@aol.net,"Ap #273-1043 Eu, Road",43729,Huádōng,Philippines,(541) 463-9514
Maryam Cline,(874) 579-1564,sed@icloud.org,794-5397 Sollicitudin Road,M1B 4P8,Chernivtsi oblast,Vietnam,(635) 325-1863
Boris Herman,(637) 627-3147,porttitor.interdum@icloud.org,"Ap #181-1765 Purus, Street",374234,Mecklenburg-Vorpommern,Russian Federation,(231) 868-1877
Yuli Noel,1-684-614-1416,dictum.mi@google.couk,"969-8080 Nec, Street",25524,Antofagasta,Colombia,1-222-442-2329
Maia Dean,(905) 523-4293,porttitor.scelerisque.neque@aol.couk,3422 Donec Avenue,72296,Riau,United Kingdom,1-258-199-5832
Cynthia Morrison,(869) 848-4373,eu.odio.tristique@protonmail.edu,Ap #945-6220 Dignissim Avenue,73783-853,Cantabria,Germany,1-957-662-5085
Amber Marsh,(547) 714-4787,feugiat.sed@google.org,453-5690 Luctus St.,69201,Xīběi,Canada,1-335-274-8458
Noble Armstrong,1-784-648-1306,ut@protonmail.ca,5694 Etiam St.,23640,Overijssel,Turkey,(810) 866-2935
Louis Whitfield,1-579-123-3248,ut.nulla@protonmail.com,2435 Vitae Rd.,889821,Nevada,Nigeria,(874) 618-2277
Mark Bolton,(684) 952-3578,ultricies.dignissim.lacus@aol.org,"P.O. Box 475, 8378 Risus. Road",33578,Bedfordshire,Nigeria,(133) 312-6098
Jamalia Rios,(356) 464-1656,mauris.non@protonmail.couk,"P.O. Box 574, 1760 Nibh. Rd.",54459,Piura,Poland,(957) 957-3667
Boris Mcmahon,(811) 959-2457,nullam.suscipit@yahoo.ca,Ap #922-1394 Metus Rd.,45322,Guanacaste,Austria,1-862-770-2588
Lee Glover,(857) 810-1887,diam.proin@protonmail.ca,Ap #717-6004 Eu Rd.,30715,East Region,Colombia,1-526-784-3335
Hayfa Mckee,(887) 626-8640,ut@google.net,Ap #250-9297 Habitant St.,75696,Querétaro,Ukraine,1-574-435-2675
Armand Nieves,1-557-346-8375,magna@outlook.ca,Ap #991-2774 Sociis Rd.,780168,Tennessee,Ukraine,1-865-683-1715
Fritz Ferguson,1-629-721-0338,porttitor.tellus@outlook.edu,744-5703 Lorem Road,89426,Ternopil oblast,South Korea,1-851-581-6699
Hector Pennington,1-379-366-8147,vel.turpis@icloud.org,Ap #146-9662 Morbi Ave,74868,Bình Thuận,Poland,1-685-157-0693
Hadley Mcleod,1-812-411-0863,luctus.lobortis@hotmail.ca,686-532 Nunc St.,39387,Lâm Đồng,Costa Rica,(576) 552-5511
Claire Fowler,(813) 585-4975,feugiat.tellus@yahoo.net,"Ap #441-7338 A, Av.",1310-1447,Central Region,Russian Federation,(666) 113-8831
Kaye Barry,(471) 210-3454,lorem.lorem@google.ca,715-7690 Ipsum. Rd.,46800,Tver Oblast,Pakistan,(748) 667-6891
Dominique Stein,1-656-910-5500,magna@icloud.couk,"P.O. Box 137, 109 Ac Road",31578,Tarapacá,Indonesia,(448) 462-5888
Hilary Davenport,(808) 376-4315,mauris@outlook.net,407-1938 Sed Road,58883-353,Gävleborgs län,Canada,(119) 353-6357
Raymond Bush,(364) 884-5422,sem.eget.massa@outlook.org,"P.O. Box 218, 6709 Ipsum St.",725623,Cantabria,New Zealand,1-241-291-2244
Quinn Matthews,(215) 845-6673,aenean@hotmail.couk,"4932 Non, Av.",766138,Rio Grande do Sul,Peru,(593) 548-6619
Abdul Neal,(240) 812-0844,amet.faucibus.ut@outlook.net,167-1271 Sit Road,3229 QU,Lazio,Philippines,(452) 676-3515
Igor Strong,1-586-241-9458,faucibus.lectus@outlook.org,1416 Feugiat Avenue,2625,Los Lagos,Belgium,1-628-722-3253
Brennan Mckee,1-858-779-8827,sed.facilisis@hotmail.edu,"P.O. Box 587, 8549 Vitae Rd.",338775,Zhōngnán,Brazil,(756) 859-7569
Quinlan Sexton,(539) 258-1173,risus.varius@protonmail.edu,"514-3564 In, Street",894208,Western Australia,Costa Rica,1-424-844-2531
Galvin Noble,1-974-967-0318,mauris.morbi@protonmail.net,4021 Blandit Av.,74215,Ankara,United States,1-773-767-3260
Dane Mayo,(212) 577-3225,erat.vivamus@icloud.net,7669 Pharetra St.,6183 FH,Balochistan,Colombia,(502) 541-5694
Fritz Woodard,(574) 442-4862,elit.etiam@icloud.com,"745-3493 Nec, Rd.",45802,South Gyeongsang,Ireland,1-985-646-4806
Jolie Walter,(693) 215-1517,mauris@google.org,5347 Donec Avenue,82860-12521,Quebec,Ukraine,1-242-394-7190
Jackson Bell,1-972-764-7768,nulla.ante@yahoo.com,3397 Mattis Av.,3037,Arkansas,Pakistan,(314) 642-7458
Breanna Elliott,(280) 512-3046,mus.aenean@icloud.com,"P.O. Box 716, 577 Dis Street",35-91,Mizoram,South Africa,1-833-809-1626
Mikayla Sampson,(715) 652-0639,egestas.hendrerit@protonmail.couk,511-533 Suscipit St.,806431,Viken,United Kingdom,1-657-843-9000
Ira Vasquez,1-196-924-6487,magna@outlook.couk,393-2695 Nulla. Ave,157874,Brandenburg,South Korea,1-522-773-7721
Genevieve Gilliam,1-376-516-3133,phasellus@hotmail.edu,"Ap #925-231 Ac, Av.",40651,Chihuahua,Pakistan,1-619-313-8341
Gabriel Frederick,1-659-924-0415,nulla.tempor@hotmail.couk,"P.O. Box 959, 4386 Viverra. Rd.",41060-586,Connacht,South Korea,(945) 688-4695
Colin Thomas,(586) 305-2686,elit@google.com,8453 Nisl. Avenue,31687482,Chihuahua,Singapore,1-637-832-9485
Stone Roach,1-294-269-7248,nunc@hotmail.couk,254-8035 Magna Avenue,2558,São Paulo,Australia,1-268-792-8714
Macy Beach,1-738-907-1562,ipsum@yahoo.net,Ap #533-1011 Netus Ave,53338,Haryana,India,(266) 832-7658
Mariam Head,(511) 712-6875,mollis.vitae@aol.org,"P.O. Box 917, 7080 Adipiscing Road",84848,Tarapacá,Pakistan,1-974-615-8874
Vernon Chandler,(271) 801-1849,suspendisse.aliquet@aol.edu,"148-1884 Ac, Ave",6481-2566,łódzkie,China,(202) 535-0234
Cruz Hubbard,1-497-442-3042,ultricies.sem.magna@outlook.net,849-5995 In Rd.,962273,Zuid Holland,Vietnam,(967) 386-8135
Reece Wooten,(461) 718-2124,dolor.donec@aol.org,Ap #208-3982 Aenean St.,191856,Ulster,Spain,1-206-744-4603
Ann Abbott,1-848-735-0286,orci.adipiscing@hotmail.net,"P.O. Box 512, 778 Tempus, Ave",729098,Kujawsko-pomorskie,Costa Rica,1-835-662-8313
Elijah Sherman,1-111-281-1765,ac.turpis@aol.ca,Ap #121-8544 Rutrum Rd.,83657,Xīběi,United Kingdom,(348) 283-1477
Clark Vincent,1-999-677-5239,dapibus.gravida@google.com,Ap #518-7823 Praesent Rd.,57-843,Maluku,Nigeria,1-288-637-4217
Bianca Barry,(743) 875-6341,nullam@hotmail.org,878-6921 A Street,681449,Kemerovo Oblast,China,1-135-562-0231
Lucas Duffy,(419) 883-3874,metus.vivamus.euismod@icloud.ca,Ap #475-3288 Nibh. Avenue,4962,East Region,Costa Rica,1-411-685-8743
Kyle Johnston,(829) 196-5605,aliquet.lobortis@yahoo.edu,"P.O. Box 689, 7680 Donec Ave",1676,Arauca,Canada,1-201-967-8177
Christopher Christensen,1-662-355-5936,lacinia@outlook.org,207-7649 Quisque St.,36833,KwaZulu-Natal,France,(643) 975-8421
Silas Dorsey,(475) 783-9247,non@outlook.com,2658 Sit Rd.,GE5 2DB,Navarra,Canada,(698) 146-8492
Brody Beasley,(267) 649-9068,in.magna@protonmail.couk,"P.O. Box 205, 2650 Turpis. Av.",781812,Poitou-Charentes,Sweden,1-757-875-1562
George Taylor,(582) 380-4616,per@yahoo.ca,Ap #741-7907 Turpis Street,657183,Akwa Ibom,Italy,(584) 428-6234
Cameran Benton,1-720-243-2896,bibendum.ullamcorper@protonmail.edu,600-5681 Morbi St.,231733,Tarapacá,Russian Federation,(380) 335-5244
Nola May,1-694-386-0257,phasellus@outlook.ca,Ap #716-6335 Enim Rd.,5459,Valle d'Aosta,Russian Federation,1-834-826-6942
Seth Allison,(685) 773-0953,turpis@hotmail.net,167-6407 Cursus Street,32856,Cantabria,Belgium,(764) 366-5185
Colette Mann,1-819-308-6224,consequat.auctor@yahoo.net,Ap #528-3000 Quisque Av.,467565,Leinster,Colombia,1-778-476-7727
Brynne Crane,1-292-724-1129,et.rutrum@outlook.edu,152-5597 Gravida. St.,10224,South Island,Indonesia,1-654-786-6267
Flavia Alston,1-212-175-7818,et.ipsum@hotmail.net,6445 Proin Street,906602,Franche-Comté,Peru,(427) 587-1437
Mohammad Herman,(316) 601-1969,in.scelerisque.scelerisque@aol.net,441-800 Rhoncus. St.,55188,Kostroma Oblast,Philippines,1-542-261-5751
Denise Martin,(421) 763-4891,laoreet.ipsum@protonmail.ca,6758 Dolor Road,22877,Baja California,United States,1-318-245-9586
Derek Cooley,1-426-685-0605,sed@hotmail.edu,Ap #970-5613 Nibh. Ave,175207,Cartago,New Zealand,(336) 923-7665
Kane Finch,1-241-453-7053,orci.lacus@aol.ca,520-3341 Phasellus St.,78-211,Gaziantep,South Africa,(382) 512-6828
Nora Vincent,1-638-356-7648,dapibus.ligula@google.net,6904 Ornare. Rd.,2167,Córdoba,Germany,(546) 611-5517
Cade Bowen,1-593-347-5661,lorem.vitae@aol.couk,Ap #518-8046 Ornare Av.,4466 FK,Nuevo León,Russian Federation,1-261-572-3264
Portia Yates,1-554-412-4873,sed.leo.cras@icloud.net,Ap #227-1552 Hendrerit Rd.,2406 VV,Free State,Costa Rica,1-325-741-3385
Ivory Page,1-383-682-2746,ante.ipsum@google.org,127-3615 Mus. Ave,55838-734,Bali,France,(386) 946-3670
Idona Nelson,(494) 242-6586,scelerisque@icloud.couk,Ap #655-4763 Lacus Rd.,25-34,South Australia,Philippines,(683) 559-5761
Thaddeus Mcpherson,1-636-874-7773,ac.sem.ut@yahoo.couk,"P.O. Box 299, 3154 Eget St.",42722,Osun,Philippines,(766) 584-9576
Alexa Ayers,1-226-507-4210,feugiat@yahoo.ca,424-5067 Dignissim St.,13907,Lubelskie,Netherlands,(202) 301-8629
Mara Thompson,1-511-606-8363,arcu.vel.quam@aol.net,396-7704 Vestibulum Rd.,428513,Catalunya,South Korea,(909) 845-4276
Adara Morrison,(751) 487-3338,vivamus@outlook.com,Ap #890-8250 Semper Ave,53717-18873,Atacama,India,(938) 532-1149
Christopher Moreno,1-984-456-6427,tortor.dictum@google.edu,"P.O. Box 729, 4805 Justo. Rd.",64-883,West Kalimantan,Spain,(922) 603-0275
Buffy Decker,1-335-234-7513,vestibulum.nec@hotmail.net,9366 Quam Av.,284775,Tamil Nadu,France,(206) 455-2824
Garrison Noel,(467) 369-4975,convallis.erat.eget@aol.net,969-8963 Ridiculus Rd.,13-424,North Chungcheong,Peru,1-525-404-3837
Avram Joyce,(270) 288-4277,mauris.aliquam@google.org,Ap #434-2075 Curabitur Road,8875,Styria,Mexico,1-783-712-1446
MacKenzie Swanson,(468) 822-1726,orci@google.org,700-4223 Nullam Av.,84503-81994,Bayern,Indonesia,1-851-694-2072
Paul O'donnell,1-285-648-1454,est.mauris@protonmail.com,174-7072 Ultrices St.,53-277,Vorarlberg,Ukraine,(833) 568-3647
Aladdin Solomon,1-492-821-3676,tristique.pharetra@protonmail.net,"Ap #672-5879 Convallis, St.",5701,Vestfold og Telemark,Costa Rica,1-364-477-4482
Ross Whitaker,1-320-133-8894,consectetuer.adipiscing.elit@google.couk,"162-5617 A, St.",0286 NE,Jönköpings län,Turkey,(846) 493-6831
Katell Walters,(778) 646-0571,neque.tellus@yahoo.edu,2128 Proin Avenue,0447-1817,South Island,Norway,(426) 526-3983
Yoshi Jennings,1-455-517-5111,vel.mauris@icloud.org,Ap #133-934 Turpis. Road,R5L 4T2,Santa Catarina,Belgium,(577) 549-7481
Wayne Dunn,1-771-474-8547,sed.facilisis@google.net,"401-4065 At, Avenue",86689,Tabasco,Chile,(146) 621-1634
Uma Williamson,(412) 209-7568,felis.ullamcorper.viverra@hotmail.net,"P.O. Box 445, 6422 Gravida St.",89079-518,Upper Austria,United States,1-336-764-6035
Savannah Carpenter,(721) 370-1272,donec.vitae@aol.net,"P.O. Box 710, 6683 Tempor Av.",51432,Worcestershire,Sweden,(718) 758-5234
Nora Frederick,1-440-442-4531,nunc@hotmail.net,Ap #572-3710 Convallis St.,814992,South Chungcheong,Brazil,(683) 558-0489
Xena Steele,1-253-928-7987,fusce.mollis@google.org,451-3381 Sem Rd.,P7N 3MU,Queensland,Singapore,1-225-436-1067
Clinton Norman,(467) 588-6422,cras.eget.nisi@yahoo.net,1677 Lectus St.,4292,Northern Mindanao,Nigeria,(559) 756-7086
Harding Good,(841) 754-3439,maecenas.libero@aol.org,"P.O. Box 164, 8506 Vitae, Rd.",43426,Central Visayas,Indonesia,1-348-250-3751
Kellie Mccarthy,(486) 703-1713,sed@yahoo.edu,"Ap #193-6221 Pharetra, Street",4657,Surrey,Colombia,1-912-718-5687
Tyler Sweeney,1-347-274-8854,et.euismod@google.edu,473-6110 Massa. St.,1758,Hải Dương,Italy,(348) 359-6664
Alan Bryant,(544) 445-1721,auctor.vitae.aliquet@hotmail.net,Ap #241-6518 Tincidunt Street,26668-412,Munster,Norway,1-314-897-2302
Colt Ashley,1-330-567-5717,etiam.imperdiet@google.edu,"P.O. Box 286, 3737 Mi Avenue",97-49,Puntarenas,India,1-538-736-3606
Zia Dyer,(820) 616-1732,adipiscing@yahoo.net,553-9719 Ultricies Street,865887,Berlin,Turkey,1-877-644-1844
Allistair Livingston,(356) 673-8458,aenean.euismod@outlook.edu,Ap #728-2689 Varius St.,75664-74586,Zaporizhzhia oblast,Poland,1-303-572-9771
Raya Hyde,1-678-375-2587,enim.consequat.purus@hotmail.com,831-3564 Ante St.,Y5Y 6K7,Putumayo,Spain,1-410-767-4588
Ivy Rowe,1-723-977-6587,senectus@yahoo.ca,832-9734 Et Ave,860185,Sachsen-Anhalt,Turkey,1-880-367-2447
Brody Hess,(769) 725-3671,sed@outlook.net,740-5785 Auctor. Rd.,2113,Gauteng,New Zealand,(715) 386-2097
Darius Mitchell,(871) 312-3812,scelerisque@protonmail.net,782-5504 Arcu Avenue,859209,Sicilia,Canada,1-635-220-5584
Benjamin Elliott,(925) 381-7232,urna.convallis@aol.couk,Ap #165-4613 Non St.,56467,Gävleborgs län,China,(256) 298-1596
Cameron Henry,1-806-514-2288,vitae.dolor@hotmail.couk,"P.O. Box 149, 6844 Non Road",69732,Metropolitana de Santiago,Turkey,(128) 911-6668
Anne Glenn,1-818-948-8450,nam.interdum.enim@icloud.edu,"802-4742 Ullamcorper, Avenue",415251,Pará,Germany,1-623-327-5513
Uta Rose,1-346-171-5344,proin.sed@icloud.com,"P.O. Box 784, 5055 Netus St.",395028,Huádōng,Philippines,1-210-814-7275
Keegan Shepherd,(569) 106-8458,cursus.integer@protonmail.ca,Ap #467-5174 Sollicitudin Ave,8238-4732,Los Ríos,Peru,(527) 378-1775
Donovan Hoover,(488) 419-6031,orci.phasellus.dapibus@google.net,Ap #536-2008 Sed St.,398632,Lower Austria,Canada,1-855-937-7399
Odessa Gross,(524) 447-6891,mi@yahoo.couk,869-9297 Sagittis Street,QK6 6NK,Belgorod Oblast,Belgium,1-448-301-8594
Beau Frazier,(348) 283-7268,dui.nec@google.com,"P.O. Box 386, 9709 Non, St.",34-69,Sinaloa,South Africa,(253) 615-2453
Shad Vang,(814) 701-3634,dis.parturient.montes@google.net,8327 Vestibulum Street,307622,Nordland,Pakistan,1-778-635-7542
Linus Sparks,(852) 669-7884,cras.vulputate@icloud.com,"P.O. Box 676, 7464 Nulla Avenue",5675,Stockholms län,Netherlands,1-537-577-1530
Hoyt Grimes,(706) 273-9124,iaculis.enim@outlook.ca,Ap #306-9988 Ornare. Street,5703-3316,Lubuskie,New Zealand,(664) 416-7653
Gisela Shields,1-216-388-3508,urna.suscipit@hotmail.ca,3062 Gravida. Av.,285892,Kahramanmaraş,Peru,1-310-830-3852
Tanner Sawyer,(281) 914-6729,mauris.molestie@google.com,Ap #839-1503 Vulputate St.,618462,Mazowieckie,Nigeria,1-413-394-8392
Iona Howard,1-561-511-3538,fusce.aliquet@icloud.net,775-7184 Sem Rd.,19714-67024,Warmińsko-mazurskie,Russian Federation,1-288-682-2718
Tatiana Wong,1-498-396-7857,sed.eu@yahoo.net,Ap #262-4542 Quisque Rd.,20993,Western Australia,Costa Rica,(663) 488-1743
Kay Trujillo,1-947-734-5187,blandit.congue@outlook.couk,365-8902 Tristique St.,8688,Bretagne,Nigeria,1-221-854-3155
Zeus Patterson,1-422-604-4789,elementum@google.net,724-1593 Cum St.,6604-8899,Veracruz,Brazil,1-249-685-2145
Eliana Holland,1-624-818-4522,duis.at@yahoo.net,4882 Donec Ave,54-15,Nord-Pas-de-Calais,Vietnam,1-885-756-7588
Ciara Witt,1-247-497-1365,molestie.in@yahoo.net,"543-2017 Tempor, Rd.",08134-28487,Vienna,Pakistan,(218) 360-2726
Emerald Kennedy,(279) 810-6750,urna.nullam.lobortis@hotmail.com,Ap #630-4475 Diam Street,601857,Jammu and Kashmir,South Africa,1-684-649-5171
Jin Weiss,(315) 383-5648,at.nisi.cum@outlook.couk,"P.O. Box 423, 1279 A, Road",5502,Kentucky,Ukraine,1-313-948-4299
Melvin Ingram,(642) 329-2729,bibendum@yahoo.com,3585 Quisque Road,7031,Balıkesir,Turkey,(684) 745-4301
Germane Mcbride,(266) 161-3889,et.magnis@icloud.edu,4571 Mauris Rd.,75777,Lagos,United States,(494) 989-7968
Kyla Marks,1-420-352-2158,id.enim.curabitur@icloud.edu,Ap #980-7751 Sit Rd.,713593,Bursa,Germany,(581) 788-3924
Melodie Berger,(829) 819-7331,egestas.nunc.sed@yahoo.org,5912 Tempus Avenue,746483,Zuid Holland,Peru,1-580-332-4828
Susan Patterson,(834) 636-3376,venenatis.a.magna@outlook.ca,258-6532 Mattis. St.,213214,South Australia,Italy,(370) 274-1248
Wanda Acevedo,(783) 477-3323,at.iaculis.quis@protonmail.net,"9523 At, Rd.",6879,Queensland,France,(434) 420-3732
Ariana Gay,(705) 839-2251,in.faucibus@google.edu,Ap #732-686 Aliquet Av.,4416,Chernihiv oblast,Ukraine,(884) 225-6644
Alma Steele,1-264-316-4084,nec.luctus@google.couk,682-5036 Lacinia Rd.,735444,Northern Mindanao,China,(361) 360-3353
Fritz Lowery,1-875-114-3117,a.facilisis@aol.edu,Ap #577-8839 Sed Avenue,646913,Picardie,India,1-428-532-0784
Kirsten Edwards,(521) 868-1426,purus.duis.elementum@yahoo.net,"P.O. Box 858, 7606 Amet, Street",728218,National Capital Region,Vietnam,1-667-649-2328
Bell Patrick,(444) 377-1638,quisque.porttitor@aol.couk,"P.O. Box 611, 8516 Nulla Rd.",77-78,Gilgit Baltistan,Indonesia,(784) 387-7767
Alice Howard,1-242-463-5535,quis.tristique@icloud.couk,Ap #396-7012 Urna Av.,30309,Bursa,France,(193) 587-2076
Katelyn Mack,(711) 433-7177,dictum.augue@hotmail.org,Ap #180-9783 Sed Av.,FD3 8OY,Podkarpackie,New Zealand,(560) 342-2274
Malachi Byrd,(264) 688-6598,consectetuer.cursus@yahoo.edu,Ap #724-1632 Tortor. Avenue,23191,Guanajuato,Poland,1-163-211-2588
Hayes Mueller,1-745-467-8332,cursus.luctus@icloud.edu,987-338 Facilisis Av.,8555-4143,Western Australia,Italy,(864) 658-5085
Lev Good,1-544-962-0264,fermentum.risus.at@aol.edu,Ap #224-9682 Aliquet Av.,50118,Møre og Romsdal,United Kingdom,1-425-156-3167
Ivor Clemons,1-506-817-6655,interdum.curabitur.dictum@hotmail.edu,104-6113 Maecenas Av.,8778,Abruzzo,Vietnam,(823) 137-3803
Ivory Solis,(373) 817-6870,sagittis.duis@protonmail.couk,"P.O. Box 459, 1001 Malesuada Rd.",5170,National Capital Region,Italy,1-517-652-4242
Mikayla Sanford,1-243-816-1669,neque.nullam@protonmail.com,Ap #732-7378 Sed St.,995268,Illes Balears,Colombia,(250) 327-8867
Sheila Mack,(967) 688-4538,orci.luctus.et@outlook.ca,2994 Tellus. Road,642419,Bangsamoro,Germany,1-536-145-0035
Echo Stanton,(262) 795-5215,nisl.maecenas@protonmail.ca,774-2388 Augue Street,5056,Leningrad Oblast,Singapore,(266) 320-5535
Piper Rich,(213) 862-3361,nunc.mauris@outlook.ca,910-5285 Vitae Avenue,2521,Dalarnas län,Turkey,1-728-708-1663
Baker Galloway,1-114-584-7146,rutrum@icloud.org,Ap #139-5872 Bibendum. Av.,4008,Maranhão,Pakistan,711-1988
Velma Morton,(204) 901-2283,tempor.lorem@hotmail.com,124-4498 Tincidunt Rd.,332,Ogun,Russian Federation,784-4419
Regina Livingston,(334) 829-8954,libero.mauris@yahoo.com,Ap #796-7104 Vel Rd.,73992,Delta,Norway,1-473-624-3953
Gregory Crosby,(945) 926-7398,mi.pede.nonummy@outlook.edu,5103 Quam. Road,411737,Gilgit Baltistan,Italy,275-4194
Maite Kemp,(343) 511-6551,dapibus.gravida@google.couk,"Ap #958-199 Orci, Street",279756,Hải Dương,Canada,1-816-926-2185
Stacey Mcfarland,1-619-466-6865,vel.turpis@protonmail.org,"Ap #326-7686 At, St.",934152,Jönköpings län,Sweden,1-474-481-8538
Iris Greene,(426) 417-8830,nulla.eu@hotmail.net,"Ap #689-8000 Eleifend, Rd.",787098,Arequipa,United Kingdom,1-315-260-5183
Brenden Monroe,(181) 601-8952,dictum.eu@outlook.com,5433 Feugiat Av.,65346,Zaporizhzhia oblast,India,1-733-669-8858
Abraham Montoya,(589) 763-3151,sem.pellentesque.ut@icloud.edu,"P.O. Box 839, 6112 Enim. St.",13442,Prince Edward Island,France,832-4751
Samuel Phelps,1-628-971-4389,volutpat@protonmail.org,Ap #739-1367 Ante Street,13-84,Santa Catarina,Brazil,1-221-996-7836
Rina Santos,(720) 794-9738,arcu.vel@outlook.ca,"P.O. Box 595, 1325 Egestas. Rd.",32558,Kemerovo Oblast,New Zealand,1-637-846-8376
Dean Terrell,(813) 350-1356,non.ante@icloud.couk,Ap #194-1094 Interdum Avenue,67328,Sardegna,United States,995-1001
Adele Watkins,(292) 338-7115,nulla.integer.urna@yahoo.edu,"P.O. Box 836, 9639 Vel, Av.",56-88,Valle d'Aosta,Norway,636-8745
Louis Skinner,1-552-646-1188,quisque.imperdiet@icloud.edu,Ap #767-1210 Nulla. Ave,250228,South Island,Turkey,1-358-371-9245
Cain Roman,1-333-257-4147,dui@aol.edu,Ap #421-7113 Lacus St.,40004,Pskov Oblast,Costa Rica,395-1674
Oleg Price,1-303-687-4120,egestas.aliquam.nec@google.net,"5315 Vitae, Avenue",N1M 4PL,Galicia,Austria,1-570-303-8786
Shay Mitchell,(972) 778-5860,pellentesque@outlook.ca,"104-6499 Sed, Ave",23257,Sokoto,Colombia,666-3992
Olga Sheppard,(495) 883-7667,nisl.sem.consequat@icloud.com,Ap #434-5968 Erat Ave,195561,Møre og Romsdal,Australia,1-570-274-4084
Hayden Klein,(849) 316-8453,eu.tellus@yahoo.ca,144-6051 Donec Ave,7171,Kocaeli,Colombia,380-1583
Alice Branch,1-341-281-8790,lobortis.risus@aol.couk,757-7312 Nulla Rd.,736363,Diyarbakır,Turkey,927-2934
Lance Church,(548) 429-3976,nullam.velit.dui@aol.com,8594 Integer Rd.,1702,Santa Catarina,Costa Rica,1-662-894-3141
Nolan Barnett,1-316-341-8551,vivamus.nibh@protonmail.com,Ap #424-8332 Dignissim St.,75444,Huntingdonshire,Pakistan,1-832-380-8763
